state,total_applications,ratio_undisbursed
DC,259,17.760617760617762
DE,262,16.793893129770993
WI,1271,16.443745082612114
AR,1076,16.356877323420075
LA,2862,15.86303284416492
NV,1874,15.795090715048026
TN,2448,15.727124183006536
IL,11080,15.460288808664261
NY,3854,15.412558380902958
IN,1862,15.145005370569281
